Вопрос,Сниппеты,Сгенерированный ответ,Референсный ответ
"Что делать, если сосед построил дом слишком близко к моему участку, нарушая нормы?","6. Возмещение за жилое помещение, сроки и другие условия изъятия определяются соглашением с собствен... | 3. Собственник жилого помещения несет бремя содержания данного помещения и, если данное помещение яв... | 7. Размер платы за содержание жилого помещения в многоквартирном доме, в котором не созданы товарище... | 7. Размер платы за содержание жилого помещения в многоквартирном доме, в котором не созданы товарище... | 1. Собственники помещений в многоквартирном доме обязаны уплачивать ежемесячные взносы на капитальны...",". Размер платы за содержание жилого помещения: Размер платы, вносимой вносимую в общий","В соответствии со статьей 54 Градостроительного кодекса Российской Федерации, в случае выявления нар"
Могу ли я построить гараж на своем участке без получения разрешения на строительство?,"17. Выдача разрешения на строительство не требуется в случае:
1) строительства, реконструкции гаража... | 14. Отказ в выдаче разрешения на строительство может быть оспорен застройщиком в судебном
порядке.... | 2. Строительство, реконструкция объектов капитального строительства осуществляются на
основании разр... | 7. Размер платы за содержание жилого помещения в многоквартирном доме, в котором не созданы товарище... | 7. Размер платы за содержание жилого помещения в многоквартирном доме, в котором не созданы товарище...","...))..).)))).).)).) )) ,)) в)) и в) .. 1. Выдача разрешения на строительство,.. )). 1. Выдать разре","Согласно статье 51 Градостроительного кодекса Российской Федерации, необходимость получения разрешен"
"Как узнать, какая зона градостроительного зонирования установлена для моего земельного участка и как","9) градостроительный регламент - устанавливаемые в пределах границ соответствующей
территориальной з... | В отношении земельного участка в соответствии с федеральным законом могут быть установлены один или ... | 2) принятие решений о пределах использования земельного участка, на котором расположен многоквартирн... | 2) принятие решений о пределах использования земельного участка, на котором расположен многоквартирн... | 2) принятие решений о пределах использования земельного участка, на котором расположен многоквартирн...","ммме, в том числе: . ) , , и , амм: ). .) )мм",Информацию о градостроительном зонировании и действующих регламентах можно получить из правил землеп
Как повлияет на мой земельный участок планируемое строительство дороги рядом с моим домом?,"4) земельный участок, на котором расположен данный дом, с элементами озеленения и благоустройства, и... | 2) принятие решений о пределах использования земельного участка, на котором расположен многоквартирн... | 2) принятие решений о пределах использования земельного участка, на котором расположен многоквартирн... | 2) принятие решений о пределах использования земельного участка, на котором расположен многоквартирн... | Глава V.1. Предоставление земельных участков, находящихся в государственной или муниципальной собств...",",,, если если если, если,, и,, а если если, в",Информация о планируемом строительстве дорог должна быть отражена в документах территориального план
"Что делать, если я не согласен с проектом планировки территории, который затрагивает мой участок?","Статья 42. Проект планировки территории
...
1. Подготовка проектов планировки территории осуществляе... | Статья 42. Проект планировки территории
...
1. Подготовка проектов планировки территории осуществляе... | Статья 57.3. Градостроительный план земельного участка
ГАРАНТ: См. Энциклопедии, позиции высших судо... | Статья 24. Подготовка и утверждение генерального плана поселения, генерального плана
муниципального ... | Статья 46. Особенности подготовки документации по планировке территории применительно к
территории п...",") Градостроительный и строительные услуги, строительные и строительные, строительные,, и","В соответствии со статьей 28 Градостроительного кодекса Российской Федерации, граждане имеют право у"
